airline,date_of_journey,source,destination,dep_time,arrival_time,duration,total_stops,additional_info,price
Jet Airways,2019-12-03,Banglore,New Delhi,08:55:00,21:20:00,745,1.0,No Info,13817
Indigo,2019-03-06,Mumbai,Hyderabad,01:40:00,03:10:00,90,0.0,No Info,2754
Jet Airways,2019-09-05,Kolkata,Banglore,20:00:00,04:40:00,520,1.0,In-flight meal not included,8586
Multiple Carriers,2019-05-27,Delhi,Cochin,11:30:00,19:15:00,465,1.0,No Info,15898
Indigo,2019-03-18,Chennai,Kolkata,07:55:00,10:15:00,140,0.0,No Info,3850
Air India,2019-06-15,Delhi,Cochin,06:10:00,23:00:00,1010,1.0,No Info,8907
Jet Airways,2019-05-21,Kolkata,Banglore,10:20:00,17:35:00,435,1.0,In-flight meal not included,5608
Jet Airways,2019-09-03,Delhi,Cochin,05:25:00,04:25:00,1380,2.0,No Info,16914
Multiple Carriers,2019-01-06,Delhi,Cochin,07:05:00,16:10:00,545,1.0,No Info,9646
Jet Airways,2019-09-06,Kolkata,Banglore,14:05:00,19:50:00,345,1.0,No Info,14571
Multiple Carriers,2019-03-27,Delhi,Cochin,07:05:00,21:20:00,855,2.0,No Info,6128
Multiple Carriers,2019-06-03,Delhi,Cochin,07:00:00,21:00:00,840,1.0,No Info,15603
Jet Airways,2019-03-05,Banglore,Delhi,18:55:00,22:00:00,185,0.0,In-flight meal not included,6144
Multiple Carriers,2019-05-27,Delhi,Cochin,06:40:00,19:15:00,755,1.0,No Info,8837
Vistara,2019-06-05,Banglore,Delhi,07:00:00,09:40:00,160,0.0,No Info,4668
Jet Airways,2019-05-21,Delhi,Cochin,09:40:00,12:35:00,1615,2.0,In-flight meal not included,13029
Air India,2019-03-06,Banglore,Delhi,17:00:00,19:45:00,165,0.0,No Info,6961
Multiple Carriers,2019-12-06,Delhi,Cochin,06:00:00,19:00:00,780,1.0,No Info,11789
Indigo,2019-09-05,Kolkata,Banglore,17:15:00,19:50:00,155,0.0,No Info,4804
Multiple Carriers,2019-09-05,Delhi,Cochin,07:00:00,19:00:00,720,1.0,No Info,10197
Indigo,2019-03-18,Kolkata,Banglore,09:35:00,12:20:00,165,0.0,No Info,4462
Air India,2019-03-21,Banglore,New Delhi,08:15:00,08:50:00,1475,1.0,No Info,4943
Multiple Carriers,2019-05-24,Delhi,Cochin,14:55:00,22:30:00,455,1.0,No Info,7740
Spicejet,2019-05-18,Kolkata,Banglore,09:00:00,11:25:00,145,0.0,No check-in baggage included,4439
Multiple Carriers,2019-06-24,Delhi,Cochin,10:00:00,19:00:00,540,1.0,No Info,12717
Indigo,2019-06-03,Chennai,Kolkata,19:35:00,21:55:00,140,0.0,No Info,7295
Jet Airways,2019-06-03,Banglore,New Delhi,11:40:00,09:30:00,1310,1.0,No Info,17261
Jet Airways,2019-04-21,Banglore,Delhi,06:00:00,08:45:00,165,0.0,No Info,7229
Spicejet,2019-06-27,Kolkata,Banglore,17:10:00,19:40:00,150,0.0,No Info,3873
Indigo,2019-12-06,Kolkata,Banglore,04:40:00,07:15:00,155,0.0,No Info,4804
Jet Airways,2019-06-03,Banglore,New Delhi,11:40:00,05:05:00,1045,1.0,No Info,16736
Jet Airways,2019-05-24,Kolkata,Banglore,09:35:00,18:00:00,505,1.0,No Info,14151
Jet Airways,2019-06-27,Delhi,Cochin,19:45:00,12:35:00,1010,1.0,In-flight meal not included,10262
Jet Airways,2019-06-06,Kolkata,Banglore,20:00:00,04:40:00,520,1.0,In-flight meal not included,8586
Spicejet,2019-06-06,Chennai,Kolkata,17:45:00,20:05:00,140,0.0,No check-in baggage included,3543
Spicejet,2019-03-24,Banglore,New Delhi,05:45:00,08:35:00,170,0.0,No Info,3579
Indigo,2019-05-27,Banglore,Delhi,06:05:00,08:50:00,165,0.0,No Info,4423
Jet Airways,2019-05-27,Delhi,Cochin,13:00:00,04:25:00,925,1.0,In-flight meal not included,12898
Jet Airways,2019-05-24,Kolkata,Banglore,20:25:00,09:45:00,800,1.0,In-flight meal not included,12384
Indigo,2019-09-05,Delhi,Cochin,05:05:00,12:10:00,425,1.0,No Info,6818
Jet Airways,2019-01-03,Banglore,New Delhi,05:45:00,15:15:00,570,1.0,No Info,26890
Indigo,2019-06-06,Delhi,Cochin,18:35:00,01:30:00,415,1.0,No Info,6628
Jet Airways,2019-09-06,Kolkata,Banglore,17:00:00,19:10:00,1570,1.0,In-flight meal not included,10539
Spicejet,2019-04-21,Banglore,Delhi,05:55:00,08:35:00,160,0.0,No Info,4423
Jet Airways,2019-05-18,Kolkata,Banglore,20:25:00,21:05:00,1480,1.0,No Info,14151
Jet Airways,2019-01-03,Banglore,New Delhi,11:40:00,05:05:00,1045,1.0,No Info,22270
Jet Airways,2019-06-15,Delhi,Cochin,05:30:00,19:00:00,810,2.0,In-flight meal not included,10368
Goair,2019-03-24,Kolkata,Banglore,16:25:00,00:05:00,460,1.0,No Info,10198
Jet Airways,2019-03-24,Kolkata,Banglore,19:45:00,18:10:00,1345,1.0,No Info,13759
Indigo,2019-01-04,Banglore,Delhi,04:00:00,06:50:00,170,0.0,No Info,3943
Multiple Carriers,2019-03-21,Delhi,Cochin,09:00:00,19:15:00,615,1.0,No Info,13378
Vistara,2019-03-21,Chennai,Kolkata,07:05:00,09:20:00,135,0.0,No Info,3739
Air India,2019-03-06,Delhi,Cochin,06:50:00,07:40:00,1490,2.0,No Info,13381
Vistara,2019-06-24,Banglore,Delhi,21:00:00,23:50:00,170,0.0,No Info,4668
Jet Airways,2019-03-06,Banglore,Delhi,07:10:00,10:10:00,180,0.0,In-flight meal not included,5769
Air India,2019-09-06,Delhi,Cochin,20:00:00,07:40:00,700,1.0,No Info,8372
Jet Airways,2019-03-05,Banglore,Delhi,08:20:00,11:20:00,180,0.0,No Info,7229
Jet Airways,2019-09-05,Mumbai,Hyderabad,02:55:00,04:20:00,85,0.0,No Info,5678
Multiple Carriers,2019-05-27,Delhi,Cochin,18:00:00,01:30:00,450,1.0,No Info,7198
Multiple Carriers,2019-05-15,Delhi,Cochin,10:35:00,19:00:00,505,1.0,No Info,9103
Spicejet,2019-01-03,Chennai,Kolkata,08:20:00,10:35:00,135,0.0,No Info,7298
Air Asia,2019-04-24,Delhi,Cochin,07:55:00,22:25:00,870,1.0,No Info,6152
Multiple Carriers,2019-05-27,Delhi,Cochin,08:30:00,19:00:00,630,1.0,No Info,9627
Multiple Carriers,2019-05-15,Delhi,Cochin,10:00:00,01:30:00,930,1.0,No Info,8073
Multiple Carriers,2019-03-21,Delhi,Cochin,09:10:00,19:15:00,605,1.0,No Info,8601
Jet Airways,2019-09-05,Delhi,Cochin,19:30:00,12:35:00,1025,2.0,In-flight meal not included,13029
Vistara,2019-12-06,Kolkata,Banglore,17:00:00,09:05:00,965,1.0,No Info,7927
Spicejet,2019-05-27,Chennai,Kolkata,09:45:00,12:00:00,135,0.0,No Info,3597
Goair,2019-12-05,Banglore,Delhi,07:45:00,10:40:00,175,0.0,No Info,3898
Jet Airways,2019-01-04,Kolkata,Banglore,16:30:00,22:35:00,365,1.0,In-flight meal not included,7064
Air India,2019-03-04,Banglore,Delhi,17:00:00,19:45:00,165,0.0,No Info,5176
Multiple Carriers,2019-06-27,Delhi,Cochin,14:00:00,21:00:00,420,1.0,No Info,13587
Goair,2019-12-06,Banglore,Delhi,20:55:00,23:40:00,165,0.0,No Info,3419
Jet Airways,2019-12-05,Kolkata,Banglore,08:25:00,08:15:00,1430,1.0,In-flight meal not included,8586
Spicejet,2019-06-05,Mumbai,Hyderabad,13:15:00,14:45:00,90,0.0,No Info,2017
Indigo,2019-09-03,Banglore,New Delhi,08:30:00,11:30:00,180,0.0,No Info,7648
Indigo,2019-05-15,Mumbai,Hyderabad,09:10:00,10:40:00,90,0.0,No Info,4575
Jet Airways,2019-03-18,Banglore,New Delhi,08:55:00,15:15:00,380,1.0,No Info,12284
Jet Airways,2019-06-03,Banglore,New Delhi,20:35:00,07:40:00,665,1.0,No Info,16736
Jet Airways,2019-06-03,Delhi,Cochin,13:55:00,04:25:00,870,1.0,No Info,15764
Goair,2019-05-15,Banglore,Delhi,07:45:00,10:40:00,175,0.0,No Info,3419
Multiple Carriers,2019-05-15,Delhi,Cochin,07:05:00,16:10:00,545,1.0,No Info,9646
Jet Airways,2019-01-04,Kolkata,Banglore,21:10:00,08:15:00,665,1.0,In-flight meal not included,8849
Indigo,2019-09-03,Banglore,New Delhi,04:00:00,06:50:00,170,0.0,No Info,8033
Spicejet,2019-05-24,Kolkata,Banglore,06:55:00,09:30:00,155,0.0,No check-in baggage included,3841
Spicejet,2019-06-06,Mumbai,Hyderabad,05:45:00,07:15:00,90,0.0,No Info,2753
Spicejet,2019-06-27,Chennai,Kolkata,09:45:00,12:00:00,135,0.0,No Info,3597
Air India,2019-12-06,Mumbai,Hyderabad,19:30:00,20:45:00,75,0.0,No Info,3100
Indigo,2019-03-03,Banglore,New Delhi,00:40:00,03:25:00,165,0.0,No Info,6144
Indigo,2019-06-24,Delhi,Cochin,08:35:00,22:30:00,835,1.0,No Info,6442
Air Asia,2019-09-05,Kolkata,Banglore,07:35:00,23:30:00,955,1.0,No Info,5192
Multiple Carriers,2019-03-06,Delhi,Cochin,10:00:00,19:00:00,540,1.0,No Info,14502
Indigo,2019-01-06,Delhi,Cochin,06:50:00,16:10:00,560,1.0,No Info,6442
Air India,2019-06-03,Delhi,Cochin,07:00:00,07:40:00,1480,1.0,No Info,15407
Indigo,2019-01-06,Chennai,Kolkata,14:45:00,17:05:00,140,0.0,No Info,3597
Jet Airways,2019-06-06,Kolkata,Banglore,18:55:00,18:15:00,1400,1.0,In-flight meal not included,10844
Vistara,2019-06-03,Delhi,Cochin,14:55:00,17:50:00,175,0.0,No Info,8001
Jet Airways,2019-09-04,Banglore,Delhi,15:50:00,18:45:00,175,0.0,In-flight meal not included,4544
Jet Airways,2019-03-24,Kolkata,Banglore,16:55:00,09:15:00,980,1.0,In-flight meal not included,11134
Spicejet,2019-05-24,Kolkata,Banglore,17:10:00,19:40:00,150,0.0,No check-in baggage included,3841
Indigo,2019-01-04,Kolkata,Banglore,04:40:00,07:15:00,155,0.0,No Info,4174
Spicejet,2019-09-05,Mumbai,Hyderabad,22:45:00,00:15:00,90,0.0,No check-in baggage included,1965
Indigo,2019-03-03,Delhi,Cochin,07:30:00,13:20:00,350,1.0,No Info,13628
Vistara,2019-05-27,Chennai,Kolkata,07:05:00,09:20:00,135,0.0,No Info,3687
Air Asia,2019-06-15,Kolkata,Banglore,10:20:00,12:55:00,155,0.0,No Info,4409
Jet Airways,2019-12-05,Kolkata,Banglore,18:55:00,04:40:00,585,1.0,No Info,14388
Air India,2019-05-15,Kolkata,Banglore,09:50:00,23:15:00,805,2.0,No Info,14960
Jet Airways,2019-06-06,Delhi,Cochin,07:05:00,19:00:00,715,1.0,In-flight meal not included,10262
Jet Airways,2019-04-24,Banglore,Delhi,17:45:00,20:45:00,180,0.0,No Info,7229
Goair,2019-12-04,Banglore,Delhi,20:55:00,23:40:00,165,0.0,No Info,6722
Air India,2019-03-27,Delhi,Cochin,21:00:00,19:15:00,1335,1.0,No Info,6692
Vistara,2019-05-15,Kolkata,Banglore,07:10:00,23:25:00,975,1.0,No Info,9345
Air India,2019-09-06,Mumbai,Hyderabad,06:20:00,07:40:00,80,0.0,No Info,3100
Jet Airways,2019-03-18,Banglore,New Delhi,18:40:00,07:40:00,780,1.0,In-flight meal not included,10972
Indigo,2019-03-03,Banglore,New Delhi,13:00:00,15:50:00,170,0.0,No Info,7648
Multiple Carriers,2019-03-21,Delhi,Cochin,16:00:00,01:35:00,575,1.0,No Info,13542
Indigo,2019-06-04,Delhi,Cochin,16:00:00,21:00:00,300,1.0,No Info,5073
Indigo,2019-04-18,Kolkata,Banglore,21:25:00,00:05:00,160,0.0,No Info,4174
Air India,2019-06-06,Kolkata,Banglore,10:00:00,05:25:00,1165,2.0,No Info,12009
Jet Airways,2019-12-03,Banglore,New Delhi,07:00:00,23:00:00,960,1.0,No Info,13817
Jet Airways,2019-05-15,Kolkata,Banglore,16:30:00,22:35:00,365,1.0,In-flight meal not included,10844
Air India,2019-01-03,Banglore,New Delhi,10:30:00,21:25:00,655,2.0,No Info,11213
Spicejet,2019-09-06,Delhi,Cochin,17:55:00,22:50:00,295,1.0,No Info,5409
Jet Airways,2019-05-18,Delhi,Cochin,10:00:00,19:00:00,540,1.0,No Info,15554
Goair,2019-05-15,Kolkata,Banglore,16:40:00,00:15:00,455,1.0,No Info,7831
Vistara,2019-12-06,Kolkata,Banglore,07:10:00,20:20:00,790,1.0,No Info,8610
Indigo,2019-05-18,Delhi,Cochin,09:15:00,01:30:00,975,1.0,No Info,7503
Jet Airways,2019-09-06,Delhi,Cochin,11:45:00,12:35:00,1490,2.0,No Info,13882
Jet Airways,2019-05-24,Kolkata,Banglore,20:00:00,22:35:00,1595,1.0,In-flight meal not included,10844
Jet Airways,2019-01-05,Banglore,Delhi,18:55:00,22:00:00,185,0.0,No Info,7229
Jet Airways,2019-09-05,Delhi,Cochin,09:40:00,19:00:00,560,2.0,In-flight meal not included,13029
Jet Airways,2019-12-05,Kolkata,Banglore,20:00:00,12:00:00,960,1.0,In-flight meal not included,9663
Spicejet,2019-12-05,Chennai,Kolkata,17:45:00,20:05:00,140,0.0,No Info,3597
Jet Airways,2019-12-06,Delhi,Cochin,20:55:00,12:35:00,940,1.0,In-flight meal not included,10262
Jet Airways,2019-05-27,Banglore,Delhi,15:15:00,18:10:00,175,0.0,No Info,7229
Indigo,2019-03-21,Delhi,Cochin,07:30:00,15:30:00,480,1.0,No Info,10208
Jet Airways,2019-12-06,Delhi,Cochin,02:15:00,12:35:00,620,1.0,No Info,18371
Jet Airways,2019-06-15,Delhi,Cochin,17:30:00,04:25:00,655,1.0,In-flight meal not included,10262
Indigo,2019-06-05,Delhi,Cochin,18:35:00,01:30:00,415,1.0,No Info,7191
Indigo,2019-09-03,Banglore,New Delhi,16:55:00,21:50:00,295,1.0,No Info,4259
Multiple Carriers,2019-01-06,Delhi,Cochin,11:25:00,19:00:00,455,1.0,No Info,11200
Jet Airways,2019-05-15,Kolkata,Banglore,17:00:00,21:05:00,1685,1.0,No Info,14151
Jet Airways,2019-01-03,Banglore,New Delhi,11:40:00,09:30:00,1310,1.0,No Info,25735
Multiple Carriers,2019-06-03,Delhi,Cochin,09:55:00,19:15:00,560,1.0,In-flight meal not included,15342
Indigo,2019-06-04,Banglore,Delhi,07:10:00,10:05:00,175,0.0,No Info,4823
Multiple Carriers,2019-03-21,Delhi,Cochin,08:00:00,19:15:00,675,1.0,No Info,13378
Jet Airways,2019-01-04,Kolkata,Banglore,10:20:00,17:35:00,435,1.0,In-flight meal not included,6077
Jet Airways,2019-03-06,Delhi,Cochin,07:05:00,19:00:00,715,1.0,No Info,14924
Indigo,2019-12-06,Kolkata,Banglore,06:20:00,10:20:00,240,1.0,No Info,4226
Jet Airways,2019-12-06,Kolkata,Banglore,06:30:00,18:15:00,705,1.0,In-flight meal not included,9899
Spicejet,2019-03-05,Chennai,Kolkata,17:45:00,20:05:00,140,0.0,No Info,3597
Air India,2019-01-05,Kolkata,Banglore,05:50:00,08:55:00,1625,2.0,No Info,10991
Jet Airways,2019-03-06,Delhi,Cochin,22:50:00,12:35:00,825,1.0,No Info,14714
Multiple Carriers,2019-05-18,Delhi,Cochin,13:00:00,21:00:00,480,1.0,No Info,9385
Air India,2019-06-06,Mumbai,Hyderabad,19:30:00,20:45:00,75,0.0,No Info,3100
Jet Airways,2019-12-05,Kolkata,Banglore,16:30:00,23:35:00,425,1.0,No Info,14781
Spicejet,2019-04-18,Kolkata,Banglore,22:20:00,00:40:00,140,0.0,No check-in baggage included,3841
Goair,2019-06-06,Delhi,Cochin,10:35:00,19:35:00,540,1.0,No Info,4959
Jet Airways,2019-06-05,Kolkata,Banglore,08:25:00,19:50:00,685,1.0,No Info,14781
Indigo,2019-05-15,Kolkata,Banglore,04:40:00,07:15:00,155,0.0,No Info,4804
Spicejet,2019-09-04,Banglore,Delhi,05:55:00,08:35:00,160,0.0,No Info,3971
Vistara,2019-05-15,Kolkata,Banglore,20:20:00,22:40:00,1580,1.0,No Info,8452
Air India,2019-01-05,Kolkata,Banglore,09:50:00,08:55:00,1385,2.0,No Info,13227
Jet Airways,2019-05-18,Mumbai,Hyderabad,07:05:00,08:30:00,85,0.0,In-flight meal not included,4050
Air India,2019-01-05,Kolkata,Banglore,05:50:00,12:30:00,1840,2.0,No Info,12723
Vistara,2019-01-06,Banglore,Delhi,07:00:00,09:40:00,160,0.0,No Info,4878
Indigo,2019-03-24,Banglore,New Delhi,10:10:00,13:00:00,170,0.0,No Info,10067
Jet Airways,2019-06-06,Delhi,Cochin,09:00:00,19:00:00,600,1.0,In-flight meal not included,10262
Spicejet,2019-05-18,Chennai,Kolkata,08:20:00,10:35:00,135,0.0,No Info,3597
Jet Airways,2019-03-27,Delhi,Cochin,20:50:00,19:45:00,1375,1.0,No Info,12032
Air India,2019-03-24,Kolkata,Banglore,14:35:00,14:35:00,1440,1.0,No Info,6241
Jet Airways,2019-06-05,Kolkata,Banglore,08:25:00,20:45:00,740,1.0,No Info,14388
Spicejet,2019-06-27,Delhi,Cochin,06:05:00,11:20:00,315,1.0,No Info,5583
Air India,2019-05-24,Kolkata,Banglore,09:50:00,08:55:00,1385,2.0,No Info,15170
Multiple Carriers,2019-05-21,Delhi,Cochin,11:30:00,19:15:00,465,1.0,No Info,14848
Multiple Carriers,2019-03-27,Delhi,Cochin,10:45:00,19:15:00,510,1.0,No Info,7154
Air India,2019-12-05,Kolkata,Banglore,12:00:00,13:15:00,1515,1.0,No Info,6612
Air India,2019-06-05,Delhi,Cochin,09:45:00,09:25:00,1420,,No Info,7480
Multiple Carriers,2019-05-27,Delhi,Cochin,07:00:00,21:00:00,840,1.0,No Info,7618
Jet Airways,2019-05-21,Delhi,Cochin,08:00:00,19:00:00,660,1.0,In-flight meal not included,12898
Multiple Carriers,2019-05-18,Delhi,Cochin,10:20:00,21:00:00,640,1.0,No Info,7670
Indigo,2019-01-03,Banglore,New Delhi,07:10:00,10:05:00,175,0.0,No Info,11934
Jet Airways,2019-03-15,Banglore,New Delhi,07:00:00,16:10:00,550,1.0,In-flight meal not included,9134
Indigo,2019-01-06,Delhi,Cochin,20:25:00,01:30:00,305,1.0,No Info,6593
Jet Airways,2019-06-24,Delhi,Cochin,05:30:00,12:35:00,425,2.0,In-flight meal not included,13344
Air India,2019-03-03,Banglore,New Delhi,00:30:00,08:45:00,495,1.0,No Info,11392
Vistara,2019-06-24,Chennai,Kolkata,07:45:00,10:00:00,135,0.0,No Info,3687
Jet Airways,2019-09-06,Kolkata,Banglore,21:10:00,10:05:00,775,1.0,In-flight meal not included,11841
Jet Airways,2019-05-15,Kolkata,Banglore,18:55:00,22:35:00,1660,1.0,In-flight meal not included,10844
Air India,2019-01-06,Delhi,Cochin,19:00:00,19:15:00,1455,1.0,No Info,8792
Multiple Carriers,2019-03-21,Delhi,Cochin,11:40:00,18:50:00,430,1.0,No Info,11999
Indigo,2019-09-03,Banglore,New Delhi,17:55:00,22:55:00,300,1.0,No Info,6351
Jet Airways,2019-09-03,Delhi,Cochin,19:15:00,18:50:00,1415,1.0,In-flight meal not included,14053
Multiple Carriers,2019-05-15,Delhi,Cochin,06:00:00,12:35:00,395,1.0,No Info,9794
Jet Airways,2019-03-27,Delhi,Cochin,13:00:00,04:25:00,925,1.0,In-flight meal not included,6960
Spicejet,2019-03-24,Kolkata,Banglore,09:00:00,11:30:00,150,0.0,No check-in baggage included,5201
Indigo,2019-01-06,Chennai,Kolkata,22:05:00,00:25:00,140,0.0,No Info,5277
Jet Airways,2019-06-06,Delhi,Cochin,19:45:00,19:00:00,1395,1.0,In-flight meal not included,10262
Jet Airways,2019-05-24,Kolkata,Banglore,08:25:00,20:45:00,740,1.0,In-flight meal not included,10844
Air India,2019-01-05,Delhi,Cochin,20:40:00,09:25:00,765,1.0,No Info,7480
Jet Airways,2019-09-06,Delhi,Cochin,09:40:00,12:35:00,1615,2.0,No Info,13014
Jet Airways,2019-01-05,Kolkata,Banglore,08:25:00,18:15:00,590,1.0,No Info,14781
Indigo,2019-09-05,Mumbai,Hyderabad,19:05:00,20:35:00,90,0.0,No Info,4392
Jet Airways,2019-09-04,Delhi,Cochin,20:55:00,12:35:00,940,1.0,No Info,11822
Air India,2019-09-06,Mumbai,Hyderabad,15:00:00,16:25:00,85,0.0,No Info,3100
Jet Airways,2019-03-15,Banglore,New Delhi,05:45:00,11:25:00,340,1.0,In-flight meal not included,9134
Jet Airways,2019-03-27,Delhi,Cochin,19:10:00,19:45:00,1475,2.0,In-flight meal not included,6643
Jet Airways,2019-05-27,Delhi,Cochin,07:05:00,12:35:00,330,1.0,In-flight meal not included,12898
Jet Airways,2019-01-04,Kolkata,Banglore,06:30:00,20:45:00,855,1.0,No Info,12681
Air Asia,2019-03-27,Delhi,Cochin,20:10:00,07:10:00,660,1.0,No Info,6151
Indigo,2019-09-04,Delhi,Cochin,07:30:00,21:00:00,810,1.0,No Info,6093
Jet Airways,2019-01-06,Delhi,Cochin,20:55:00,12:35:00,940,1.0,In-flight meal not included,10262
Jet Airways,2019-06-05,Kolkata,Banglore,20:25:00,19:10:00,1365,1.0,No Info,13067
Indigo,2019-06-24,Delhi,Cochin,07:35:00,16:10:00,515,1.0,No Info,6442
Indigo,2019-03-27,Delhi,Cochin,02:00:00,07:45:00,345,1.0,No Info,5733
Indigo,2019-12-05,Chennai,Kolkata,13:15:00,15:35:00,140,0.0,No Info,3597
Goair,2019-09-04,Banglore,Delhi,20:55:00,23:40:00,165,0.0,No Info,4239
Indigo,2019-05-27,Mumbai,Hyderabad,21:20:00,22:50:00,90,0.0,No Info,2227
Jet Airways,2019-05-21,Delhi,Cochin,21:50:00,04:25:00,395,1.0,No Info,16079
Indigo,2019-09-03,Delhi,Cochin,04:55:00,16:10:00,675,1.0,No Info,6171
Air India,2019-06-04,Banglore,Delhi,17:00:00,19:45:00,165,0.0,No Info,4651
Multiple Carriers,2019-05-27,Delhi,Cochin,09:00:00,19:15:00,615,1.0,In-flight meal not included,10197
Jet Airways,2019-12-06,Kolkata,Banglore,16:30:00,23:35:00,425,1.0,In-flight meal not included,9899
Multiple Carriers,2019-09-03,Delhi,Cochin,06:00:00,19:45:00,825,1.0,No Info,13941
Multiple Carriers,2019-06-06,Delhi,Cochin,10:20:00,21:00:00,640,1.0,No Info,7005
Indigo,2019-09-06,Delhi,Cochin,07:35:00,22:30:00,895,1.0,No Info,6442
Jet Airways,2019-09-06,Banglore,Delhi,17:45:00,20:45:00,180,0.0,In-flight meal not included,7229
Spicejet,2019-04-15,Delhi,Cochin,08:45:00,13:15:00,270,1.0,No check-in baggage included,5726
Spicejet,2019-03-04,Kolkata,Banglore,06:55:00,09:30:00,155,0.0,No Info,3873
Indigo,2019-09-04,Kolkata,Banglore,19:35:00,00:10:00,275,1.0,No Info,4860
Air India,2019-05-27,Delhi,Cochin,21:00:00,19:15:00,1335,1.0,No Info,8372
Jet Airways,2019-01-05,Kolkata,Banglore,16:30:00,10:05:00,1055,1.0,In-flight meal not included,8586
Indigo,2019-05-27,Delhi,Cochin,17:30:00,01:30:00,480,1.0,No Info,6206
Air India,2019-04-27,Banglore,Delhi,21:05:00,23:55:00,170,0.0,No Info,5228
Air Asia,2019-03-04,Kolkata,Banglore,22:50:00,01:20:00,150,0.0,No Info,3807
Air India,2019-09-06,Kolkata,Banglore,09:25:00,05:25:00,1200,2.0,No Info,13007
Air India,2019-01-05,Kolkata,Banglore,19:00:00,04:40:00,580,1.0,No Info,6117
Goair,2019-01-04,Banglore,Delhi,20:55:00,23:40:00,165,0.0,No Info,4239
Jet Airways,2019-09-03,Delhi,Cochin,13:45:00,04:25:00,880,2.0,In-flight meal not included,15129
Multiple Carriers,2019-05-21,Delhi,Cochin,08:00:00,19:00:00,660,1.0,No Info,10197
Indigo,2019-09-04,Delhi,Cochin,16:00:00,01:30:00,570,1.0,No Info,6573
Indigo,2019-03-06,Banglore,Delhi,00:25:00,03:15:00,170,0.0,No Info,3943
Jet Airways,2019-03-06,Delhi,Cochin,19:15:00,12:35:00,1040,1.0,No Info,14714
Indigo,2019-03-24,Mumbai,Hyderabad,02:30:00,04:00:00,90,0.0,No Info,2754
Air India,2019-06-06,Delhi,Cochin,05:00:00,19:15:00,2295,2.0,No Info,9653
Jet Airways,2019-03-06,Delhi,Cochin,22:50:00,19:00:00,1210,1.0,In-flight meal not included,10262
Indigo,2019-09-03,Banglore,New Delhi,10:30:00,13:20:00,170,0.0,No Info,6860
Vistara,2019-03-24,Kolkata,Banglore,07:10:00,18:45:00,695,1.0,No Info,16932
Spicejet,2019-09-05,Delhi,Cochin,08:45:00,13:15:00,270,1.0,No Info,4812
Jet Airways,2019-06-04,Delhi,Cochin,07:05:00,19:00:00,715,1.0,In-flight meal not included,5406
Indigo,2019-03-21,Delhi,Cochin,07:35:00,22:20:00,885,1.0,No Info,6558
Jet Airways,2019-09-06,Delhi,Cochin,21:50:00,04:25:00,395,1.0,In-flight meal not included,10262
Jet Airways,2019-03-04,Mumbai,Hyderabad,07:05:00,08:30:00,85,0.0,In-flight meal not included,4160
Jet Airways,2019-05-18,Delhi,Cochin,14:00:00,19:00:00,300,1.0,In-flight meal not included,12373
Jet Airways,2019-09-06,Delhi,Cochin,20:55:00,04:25:00,450,1.0,No Info,14924
Spicejet,2019-12-06,Kolkata,Banglore,11:35:00,18:50:00,435,1.0,No Info,8479
Multiple Carriers,2019-09-05,Delhi,Cochin,13:00:00,01:30:00,750,1.0,No Info,15078
Indigo,2019-06-18,Chennai,Kolkata,13:15:00,15:35:00,140,0.0,No Info,3597
Jet Airways,2019-03-06,Delhi,Cochin,11:30:00,04:25:00,1015,1.0,In-flight meal not included,11627
Jet Airways,2019-05-18,Kolkata,Banglore,20:00:00,23:35:00,1655,1.0,In-flight meal not included,10844
Jet Airways,2019-01-06,Delhi,Cochin,19:45:00,12:35:00,1010,1.0,In-flight meal not included,10262
Air India,2019-01-03,Banglore,New Delhi,10:30:00,22:55:00,745,1.0,No Info,11003
Vistara,2019-01-03,Banglore,New Delhi,07:00:00,09:40:00,160,0.0,No Info,21520
Jet Airways,2019-06-06,Delhi,Cochin,20:55:00,04:25:00,450,1.0,No Info,14714
Spicejet,2019-03-24,Kolkata,Banglore,11:35:00,18:50:00,435,1.0,No Info,9923
Multiple Carriers,2019-06-15,Delhi,Cochin,17:50:00,01:30:00,460,2.0,No Info,18485
Air India,2019-01-04,Kolkata,Banglore,05:50:00,23:15:00,1045,2.0,No Info,11516
Air India,2019-06-06,Delhi,Cochin,18:45:00,19:15:00,1470,2.0,No Info,13465
Air India,2019-01-03,Banglore,New Delhi,08:50:00,11:10:00,1580,2.0,No Info,19372
Air India,2019-05-21,Kolkata,Banglore,14:30:00,12:30:00,1320,2.0,No Info,15107
Jet Airways,2019-05-27,Delhi,Cochin,07:05:00,04:25:00,1280,1.0,In-flight meal not included,12898
Indigo,2019-03-06,Delhi,Cochin,06:50:00,16:10:00,560,1.0,No Info,7514
Jet Airways,2019-06-06,Kolkata,Banglore,16:30:00,04:40:00,730,1.0,In-flight meal not included,6812
Air India,2019-05-21,Banglore,Delhi,10:00:00,12:45:00,165,0.0,No Info,6961
Jet Airways,2019-06-21,Mumbai,Hyderabad,08:45:00,10:15:00,90,0.0,No Info,8040
Jet Airways,2019-04-27,Banglore,Delhi,17:45:00,20:45:00,180,0.0,No Info,7229
Jet Airways,2019-06-06,Delhi,Cochin,19:45:00,19:00:00,1395,1.0,No Info,14714
Multiple Carriers,2019-06-06,Delhi,Cochin,09:00:00,21:00:00,720,1.0,No Info,13587
Indigo,2019-01-06,Delhi,Cochin,06:50:00,12:10:00,320,1.0,No Info,5298
Jet Airways,2019-06-06,Delhi,Cochin,11:45:00,04:25:00,1000,2.0,No Info,13882
Jet Airways,2019-06-05,Kolkata,Banglore,14:05:00,12:00:00,1315,1.0,No Info,14388
Jet Airways,2019-05-27,Delhi,Cochin,13:00:00,19:00:00,360,1.0,In-flight meal not included,12898
Jet Airways,2019-12-06,Delhi,Cochin,20:55:00,04:25:00,450,1.0,No Info,14714
Multiple Carriers,2019-06-15,Delhi,Cochin,08:00:00,19:00:00,660,1.0,No Info,12192
Jet Airways,2019-05-21,Kolkata,Banglore,14:05:00,08:15:00,1090,1.0,In-flight meal not included,9663
Air India,2019-04-27,Delhi,Cochin,18:05:00,21:10:00,185,0.0,No Info,5411
Indigo,2019-09-06,Banglore,Delhi,01:30:00,04:15:00,165,0.0,No Info,4077
Jet Airways,2019-12-05,Kolkata,Banglore,18:55:00,09:20:00,865,1.0,In-flight meal not included,9663
Jet Airways,2019-06-06,Kolkata,Banglore,08:25:00,20:45:00,740,1.0,No Info,14571
Jet Airways,2019-03-18,Banglore,New Delhi,11:40:00,10:25:00,1365,1.0,In-flight meal not included,11087
Indigo,2019-09-05,Delhi,Cochin,16:10:00,22:30:00,380,1.0,No Info,6704
Jet Airways,2019-01-06,Delhi,Cochin,09:35:00,12:35:00,1620,2.0,No Info,13292
Jet Airways,2019-05-18,Delhi,Cochin,20:55:00,12:35:00,940,1.0,In-flight meal not included,12373
Indigo,2019-04-15,Banglore,Delhi,21:15:00,00:15:00,180,0.0,No Info,3943
Jet Airways,2019-06-15,Delhi,Cochin,11:30:00,04:25:00,1015,1.0,In-flight meal not included,10262
Air India,2019-06-05,Kolkata,Banglore,09:50:00,21:05:00,675,1.0,No Info,7452
Air India,2019-03-15,Banglore,New Delhi,11:50:00,19:50:00,480,1.0,No Info,7192
Air India,2019-06-27,Kolkata,Banglore,20:45:00,23:20:00,155,0.0,No Info,4145
Jet Airways,2019-05-18,Delhi,Cochin,09:00:00,04:25:00,1165,1.0,In-flight meal not included,12373
Jet Airways,2019-12-05,Kolkata,Banglore,06:30:00,16:20:00,590,1.0,No Info,14781
Jet Airways,2019-12-06,Kolkata,Banglore,14:05:00,08:15:00,1090,1.0,No Info,13044
Indigo,2019-05-24,Banglore,Delhi,20:00:00,22:50:00,170,0.0,No Info,4823
Jet Airways,2019-09-04,Banglore,Delhi,07:10:00,10:10:00,180,0.0,No Info,7229
Indigo,2019-06-27,Banglore,Delhi,16:55:00,19:55:00,180,0.0,No Info,4823
Jet Airways,2019-03-06,Delhi,Cochin,21:25:00,19:00:00,1295,2.0,In-flight meal not included,11507
Spicejet,2019-12-05,Mumbai,Hyderabad,22:45:00,00:15:00,90,0.0,No Info,2017
Indigo,2019-06-15,Mumbai,Hyderabad,06:25:00,07:55:00,90,0.0,No Info,4049
Jet Airways,2019-01-03,Banglore,New Delhi,18:40:00,09:00:00,860,1.0,No Info,31825
Jet Airways,2019-09-06,Delhi,Cochin,15:00:00,19:00:00,1680,1.0,In-flight meal not included,10262
Air India,2019-12-03,Mumbai,Hyderabad,06:00:00,11:55:00,1795,2.0,No Info,12854
Jet Airways,2019-09-06,Delhi,Cochin,05:30:00,04:25:00,1375,2.0,In-flight meal not included,10368
Multiple Carriers,2019-01-06,Delhi,Cochin,11:30:00,21:00:00,570,1.0,No Info,13587
Air India,2019-03-27,Mumbai,Hyderabad,19:30:00,20:45:00,75,0.0,No Info,2575
Jet Airways,2019-06-15,Delhi,Cochin,13:00:00,04:25:00,925,1.0,In-flight meal not included,10262
Indigo,2019-03-21,Mumbai,Hyderabad,02:30:00,04:00:00,90,0.0,No Info,3603
Vistara,2019-09-03,Banglore,New Delhi,07:00:00,09:40:00,160,0.0,No Info,7398
Spicejet,2019-01-04,Kolkata,Banglore,15:05:00,20:20:00,315,1.0,No Info,4649
Air India,2019-06-03,Mumbai,Hyderabad,09:15:00,09:15:00,1440,1.0,No Info,9535
Indigo,2019-05-21,Delhi,Cochin,17:05:00,22:15:00,310,1.0,No Info,6147
Multiple Carriers,2019-06-03,Delhi,Cochin,08:00:00,15:30:00,450,1.0,No Info,15078
Air India,2019-09-04,Delhi,Cochin,17:15:00,07:40:00,865,2.0,No Info,8052
Jet Airways,2019-06-18,Banglore,Delhi,11:10:00,14:05:00,175,0.0,In-flight meal not included,5769
Jet Airways,2019-04-27,Banglore,Delhi,07:10:00,10:10:00,180,0.0,In-flight meal not included,4544
Multiple Carriers,2019-06-15,Delhi,Cochin,15:00:00,01:30:00,630,1.0,No Info,13377
Spicejet,2019-05-24,Chennai,Kolkata,08:20:00,10:35:00,135,0.0,No check-in baggage included,3543
Jet Airways,2019-03-05,Banglore,Delhi,17:45:00,20:45:00,180,0.0,No Info,7229
Jet Airways,2019-05-21,Kolkata,Banglore,06:30:00,18:15:00,705,1.0,In-flight meal not included,10844
Jet Airways,2019-06-06,Kolkata,Banglore,17:00:00,23:35:00,395,1.0,In-flight meal not included,13469
Multiple Carriers,2019-05-18,Delhi,Cochin,12:50:00,01:30:00,760,1.0,No Info,7670
Jet Airways,2019-06-27,Delhi,Cochin,19:15:00,19:00:00,1425,1.0,In-flight meal not included,10262
Jet Airways,2019-03-15,Banglore,New Delhi,05:45:00,15:15:00,570,1.0,In-flight meal not included,9134
Spicejet,2019-05-27,Kolkata,Banglore,09:00:00,11:25:00,145,0.0,No check-in baggage included,3841
Air India,2019-12-06,Delhi,Cochin,10:55:00,19:15:00,500,2.0,No Info,11753
Spicejet,2019-03-06,Delhi,Cochin,08:45:00,13:15:00,270,1.0,No check-in baggage included,5726
Air India,2019-03-03,Banglore,New Delhi,17:25:00,08:45:00,920,2.0,No Info,11570
Jet Airways,2019-01-03,Banglore,New Delhi,14:05:00,10:25:00,1220,1.0,No Info,20800
Indigo,2019-03-24,Kolkata,Banglore,08:15:00,13:00:00,285,1.0,No Info,6303
Air India,2019-03-24,Banglore,New Delhi,13:20:00,16:10:00,170,0.0,No Info,4441
Jet Airways,2019-03-06,Delhi,Cochin,09:35:00,12:35:00,1620,2.0,In-flight meal not included,11507
Spicejet,2019-03-04,Kolkata,Banglore,09:00:00,11:25:00,145,0.0,No Info,3873
Indigo,2019-09-06,Delhi,Cochin,06:50:00,16:10:00,560,1.0,No Info,6442
Jet Airways,2019-06-27,Banglore,Delhi,19:50:00,22:50:00,180,0.0,In-flight meal not included,7229
Air India,2019-05-24,Kolkata,Banglore,14:35:00,14:35:00,1440,1.0,No Info,6528
Jet Airways,2019-03-15,Banglore,New Delhi,05:45:00,16:10:00,625,1.0,In-flight meal not included,9134
Air India,2019-09-03,Banglore,New Delhi,13:20:00,16:10:00,170,0.0,No Info,8851
Air India,2019-09-03,Delhi,Cochin,17:20:00,09:25:00,965,1.0,No Info,12415
Jet Airways,2019-06-27,Mumbai,Hyderabad,19:35:00,21:05:00,90,0.0,No Info,5678
Air India,2019-03-04,Kolkata,Banglore,20:45:00,23:20:00,155,0.0,No Info,4460
Goair,2019-04-15,Delhi,Cochin,10:35:00,19:35:00,540,1.0,No Info,5752
Jet Airways,2019-05-24,Kolkata,Banglore,20:00:00,04:40:00,520,1.0,No Info,13731
Jet Airways,2019-06-15,Delhi,Cochin,09:40:00,19:00:00,560,2.0,In-flight meal not included,10368
Indigo,2019-05-15,Delhi,Cochin,17:30:00,01:30:00,480,1.0,No Info,6979
Indigo,2019-03-21,Delhi,Cochin,09:10:00,15:30:00,380,1.0,No Info,9709
Jet Airways,2019-05-21,Banglore,Delhi,06:00:00,08:45:00,165,0.0,No Info,7229
Jet Airways,2019-09-06,Delhi,Cochin,07:05:00,12:35:00,330,1.0,In-flight meal not included,10262
Multiple Carriers,2019-01-06,Delhi,Cochin,10:00:00,21:00:00,660,1.0,No Info,13587
Jet Airways,2019-03-21,Banglore,New Delhi,05:45:00,21:20:00,935,1.0,In-flight meal not included,7832
Indigo,2019-03-18,Kolkata,Banglore,15:10:00,17:45:00,155,0.0,No Info,4462
Jet Airways,2019-06-21,Banglore,Delhi,06:00:00,08:45:00,165,0.0,No Info,8016
Indigo,2019-03-24,Mumbai,Hyderabad,19:05:00,20:30:00,85,0.0,No Info,2754
Jet Airways,2019-09-06,Kolkata,Banglore,17:00:00,21:05:00,1685,1.0,In-flight meal not included,10539
Jet Airways,2019-09-03,Delhi,Cochin,08:20:00,04:25:00,1205,2.0,No Info,18909
Indigo,2019-03-04,Banglore,Delhi,18:25:00,21:20:00,175,0.0,No Info,4823
Indigo,2019-06-03,Mumbai,Hyderabad,15:45:00,23:00:00,435,1.0,No Info,7681
Air India,2019-06-24,Delhi,Cochin,17:40:00,23:00:00,320,1.0,No Info,7174
Air India,2019-04-27,Kolkata,Banglore,20:45:00,23:20:00,155,0.0,No Info,4145
Indigo,2019-06-15,Banglore,Delhi,18:25:00,21:20:00,175,0.0,No Info,4823
Jet Airways,2019-12-05,Kolkata,Banglore,17:00:00,23:35:00,395,1.0,No Info,14151
Air India,2019-09-05,Delhi,Cochin,13:15:00,09:25:00,1210,2.0,No Info,9417
Jet Airways,2019-06-05,Kolkata,Banglore,17:00:00,19:10:00,1570,1.0,No Info,13067
Indigo,2019-05-18,Delhi,Cochin,20:25:00,01:30:00,305,1.0,No Info,6069
Air India,2019-01-05,Kolkata,Banglore,10:00:00,20:25:00,625,1.0,No Info,10203
Spicejet,2019-05-18,Kolkata,Banglore,15:55:00,21:25:00,330,1.0,No Info,8224
Indigo,2019-04-24,Delhi,Cochin,20:25:00,01:30:00,305,1.0,No Info,5065
Jet Airways,2019-12-06,Delhi,Cochin,14:35:00,12:35:00,1320,2.0,No Info,13376
Jet Airways,2019-03-24,Kolkata,Banglore,19:45:00,12:00:00,975,1.0,No Info,14231
Indigo,2019-06-05,Kolkata,Banglore,11:30:00,14:05:00,155,0.0,No Info,5224
Jet Airways,2019-05-18,Kolkata,Banglore,05:45:00,19:50:00,845,1.0,No Info,14781
Multiple Carriers,2019-06-24,Delhi,Cochin,07:30:00,21:00:00,810,1.0,No Info,7740
Vistara,2019-12-05,Kolkata,Banglore,20:20:00,23:25:00,1625,1.0,No Info,8085
Indigo,2019-06-03,Chennai,Kolkata,05:15:00,07:35:00,140,0.0,No Info,6482
Multiple Carriers,2019-03-27,Delhi,Cochin,08:55:00,19:15:00,620,1.0,No Info,8371
Jet Airways,2019-06-15,Delhi,Cochin,19:15:00,19:00:00,1425,1.0,In-flight meal not included,10262
Indigo,2019-05-27,Delhi,Cochin,07:35:00,16:10:00,515,1.0,No Info,7514
Jet Airways,2019-01-04,Kolkata,Banglore,08:25:00,19:50:00,685,1.0,In-flight meal not included,7064
Indigo,2019-06-18,Chennai,Kolkata,05:15:00,07:40:00,145,0.0,No Info,3540
Jet Airways,2019-01-04,Mumbai,Hyderabad,19:35:00,21:05:00,90,0.0,No Info,5678
Air India,2019-06-24,Delhi,Cochin,05:15:00,19:15:00,2280,3.0,No Info,10493
Air India,2019-06-03,Mumbai,Hyderabad,19:30:00,20:45:00,75,0.0,No Info,5462
Multiple Carriers,2019-01-06,Delhi,Cochin,09:00:00,19:00:00,600,1.0,No Info,12717
Air India,2019-09-06,Delhi,Cochin,18:05:00,21:10:00,185,0.0,No Info,8456
Vistara,2019-06-05,Kolkata,Banglore,07:10:00,18:50:00,700,1.0,No Info,8610
Multiple Carriers,2019-06-06,Delhi,Cochin,17:50:00,01:30:00,460,2.0,No Info,18275
Vistara,2019-01-04,Banglore,Delhi,19:30:00,22:15:00,165,0.0,No Info,5613
Multiple Carriers,2019-05-15,Delhi,Cochin,11:30:00,19:15:00,465,1.0,No Info,14323
Multiple Carriers,2019-05-18,Delhi,Cochin,13:00:00,19:15:00,375,1.0,No Info,14533
Jet Airways,2019-05-15,Kolkata,Banglore,08:25:00,20:45:00,740,1.0,In-flight meal not included,10844
Air India,2019-03-21,Delhi,Cochin,16:40:00,19:15:00,1595,2.0,No Info,8236
Air India,2019-05-15,Kolkata,Banglore,16:45:00,12:30:00,1185,2.0,No Info,14960
Indigo,2019-06-21,Kolkata,Banglore,04:40:00,07:15:00,155,0.0,No Info,4804
Jet Airways,2019-04-24,Banglore,Delhi,18:55:00,22:00:00,185,0.0,In-flight meal not included,4544
Indigo,2019-03-03,Mumbai,Hyderabad,16:55:00,18:25:00,90,0.0,No Info,6795
Jet Airways,2019-09-05,Kolkata,Banglore,08:25:00,04:40:00,1215,1.0,In-flight meal not included,8586
Indigo,2019-06-03,Delhi,Cochin,07:30:00,13:20:00,350,1.0,No Info,13628
Air Asia,2019-03-15,Kolkata,Banglore,10:20:00,12:55:00,155,0.0,No Info,4384
Vistara,2019-01-05,Kolkata,Banglore,07:10:00,10:45:00,1655,1.0,No Info,9187
Air India,2019-06-15,Delhi,Cochin,07:05:00,09:25:00,1580,2.0,No Info,10975
Multiple Carriers,2019-09-03,Delhi,Cochin,06:00:00,21:00:00,900,1.0,No Info,13677
Indigo,2019-04-24,Delhi,Cochin,07:35:00,12:10:00,275,1.0,No Info,5073
Jet Airways,2019-01-06,Mumbai,Hyderabad,02:55:00,04:20:00,85,0.0,In-flight meal not included,4050
Air India,2019-05-24,Kolkata,Banglore,05:50:00,20:25:00,875,2.0,No Info,11201
Jet Airways,2019-12-03,Banglore,New Delhi,09:45:00,14:25:00,280,1.0,No Info,12295
Spicejet,2019-03-15,Kolkata,Banglore,17:15:00,19:45:00,150,0.0,No check-in baggage included,3815
Vistara,2019-05-15,Chennai,Kolkata,17:45:00,20:05:00,140,0.0,No Info,11982
Jet Airways,2019-03-06,Delhi,Cochin,08:00:00,19:00:00,660,1.0,In-flight meal not included,10577
Vistara,2019-05-18,Kolkata,Banglore,17:00:00,20:20:00,1640,1.0,No Info,9555
Spicejet,2019-06-05,Chennai,Kolkata,08:20:00,10:35:00,135,0.0,No check-in baggage included,3859
Jet Airways,2019-12-05,Kolkata,Banglore,09:35:00,09:45:00,1450,1.0,No Info,14151
Air India,2019-03-24,Kolkata,Banglore,09:10:00,07:55:00,1365,2.0,No Info,15187
Jet Airways,2019-09-06,Delhi,Cochin,14:00:00,19:00:00,300,1.0,No Info,14714
Jet Airways,2019-05-15,Delhi,Cochin,02:15:00,12:35:00,620,1.0,In-flight meal not included,12373
Spicejet,2019-06-03,Kolkata,Banglore,22:20:00,00:40:00,140,0.0,No Info,3849
Air India,2019-03-27,Delhi,Cochin,19:45:00,19:15:00,1410,2.0,No Info,8656
Multiple Carriers,2019-03-06,Delhi,Cochin,09:00:00,21:00:00,720,1.0,No Info,13587
Jet Airways,2019-01-05,Kolkata,Banglore,17:00:00,19:10:00,1570,1.0,In-flight meal not included,9314
Jet Airways,2019-12-06,Kolkata,Banglore,17:00:00,23:35:00,395,1.0,No Info,12692
Jet Airways,2019-09-05,Kolkata,Banglore,09:35:00,14:25:00,1730,1.0,In-flight meal not included,9314
Jet Airways,2019-05-15,Kolkata,Banglore,09:35:00,14:25:00,1730,1.0,No Info,11467
Indigo,2019-03-06,Delhi,Cochin,08:30:00,21:00:00,750,1.0,No Info,6416
Jet Airways,2019-06-06,Delhi,Cochin,16:00:00,04:25:00,745,1.0,No Info,14714
Jet Airways,2019-05-27,Delhi,Cochin,14:00:00,19:00:00,300,1.0,In-flight meal not included,12898
Air India,2019-12-05,Kolkata,Banglore,16:45:00,16:15:00,1410,2.0,No Info,13437
Jet Airways,2019-12-06,Delhi,Cochin,14:35:00,12:35:00,1320,2.0,In-flight meal not included,10919
Multiple Carriers,2019-12-06,Delhi,Cochin,08:00:00,21:00:00,780,1.0,No Info,13797
Jet Airways,2019-09-05,Delhi,Cochin,15:00:00,12:35:00,1295,1.0,In-flight meal not included,12373
Jet Airways,2019-03-21,Delhi,Cochin,17:30:00,18:50:00,1520,1.0,In-flight meal not included,5963
Indigo,2019-06-24,Delhi,Cochin,07:35:00,12:10:00,275,1.0,No Info,5054
Air India,2019-09-04,Delhi,Cochin,05:55:00,19:15:00,2240,2.0,No Info,7711
Air Asia,2019-12-04,Banglore,Delhi,04:55:00,07:45:00,170,0.0,No Info,4282
Indigo,2019-03-24,Banglore,New Delhi,16:55:00,19:45:00,170,0.0,No Info,7303
Jet Airways,2019-06-03,Banglore,New Delhi,09:45:00,14:25:00,280,1.0,No Info,16757
Multiple Carriers,2019-05-27,Delhi,Cochin,11:40:00,19:00:00,440,1.0,No Info,9794
Air India,2019-01-06,Delhi,Cochin,10:55:00,19:15:00,500,2.0,No Info,13013
Multiple Carriers,2019-01-06,Delhi,Cochin,17:30:00,01:30:00,480,1.0,No Info,13377
Air India,2019-12-03,Banglore,New Delhi,08:50:00,10:15:00,1525,2.0,No Info,12778
Indigo,2019-01-05,Banglore,Delhi,18:55:00,21:50:00,175,0.0,No Info,4823
Jet Airways,2019-06-03,Mumbai,Hyderabad,14:20:00,16:50:00,1590,2.0,No Info,24115
Jet Airways,2019-06-05,Kolkata,Banglore,06:30:00,04:40:00,1330,1.0,No Info,13941
Jet Airways,2019-12-05,Kolkata,Banglore,16:30:00,22:35:00,365,1.0,In-flight meal not included,10844
Jet Airways,2019-06-06,Kolkata,Banglore,09:35:00,22:05:00,750,1.0,No Info,14151
Indigo,2019-12-06,Delhi,Cochin,07:35:00,12:10:00,275,1.0,No Info,5054
Multiple Carriers,2019-03-21,Delhi,Cochin,08:00:00,18:50:00,650,1.0,No Info,11667
Indigo,2019-03-06,Kolkata,Banglore,04:40:00,07:15:00,155,0.0,No Info,5224
Air India,2019-03-03,Mumbai,Hyderabad,19:30:00,20:45:00,75,0.0,No Info,11185
Multiple Carriers,2019-09-06,Delhi,Cochin,07:10:00,22:30:00,920,1.0,No Info,6513
Jet Airways,2019-09-05,Banglore,Delhi,06:00:00,08:45:00,165,0.0,In-flight meal not included,4030
Indigo,2019-09-05,Delhi,Cochin,18:35:00,01:30:00,415,1.0,No Info,8542
Indigo,2019-04-18,Kolkata,Banglore,11:30:00,14:05:00,155,0.0,No Info,5224
Jet Airways,2019-03-21,Delhi,Cochin,10:45:00,18:50:00,485,2.0,In-flight meal not included,8367
Spicejet,2019-06-06,Delhi,Cochin,06:05:00,11:20:00,315,1.0,No Info,5583
Spicejet,2019-03-04,Delhi,Cochin,08:45:00,13:15:00,270,1.0,No check-in baggage included,4098
Jet Airways,2019-03-15,Banglore,New Delhi,05:45:00,10:45:00,300,1.0,In-flight meal not included,9134
Indigo,2019-05-27,Delhi,Cochin,02:00:00,07:45:00,345,1.0,No Info,6147
Air India,2019-03-03,Delhi,Cochin,22:00:00,19:15:00,1275,2.0,No Info,22096
Spicejet,2019-03-27,Delhi,Cochin,06:10:00,11:20:00,310,1.0,No Info,5351
Indigo,2019-06-24,Mumbai,Hyderabad,20:05:00,21:40:00,95,0.0,No Info,2227
Spicejet,2019-03-15,Kolkata,Banglore,09:00:00,11:30:00,150,0.0,No check-in baggage included,3815
Jet Airways,2019-12-05,Kolkata,Banglore,14:05:00,20:45:00,400,1.0,No Info,14781
Indigo,2019-09-05,Kolkata,Banglore,15:30:00,18:05:00,155,0.0,No Info,4804
Goair,2019-06-27,Delhi,Cochin,07:00:00,12:55:00,355,1.0,No Info,5281
Jet Airways,2019-12-03,Banglore,New Delhi,18:55:00,13:15:00,1100,1.0,No Info,13817
Indigo,2019-05-15,Delhi,Cochin,04:55:00,21:00:00,965,1.0,No Info,6979
Multiple Carriers,2019-06-06,Delhi,Cochin,07:30:00,19:15:00,705,1.0,No Info,7354
Goair,2019-05-24,Banglore,Delhi,07:45:00,10:40:00,175,0.0,No Info,3419
Indigo,2019-03-15,Banglore,New Delhi,18:25:00,21:20:00,175,0.0,No Info,8855
Air India,2019-05-18,Kolkata,Banglore,10:00:00,05:25:00,1165,2.0,No Info,14109
Jet Airways,2019-12-06,Kolkata,Banglore,17:00:00,14:25:00,1285,1.0,No Info,12692
Multiple Carriers,2019-05-27,Delhi,Cochin,17:30:00,01:30:00,480,1.0,No Info,13377
Spicejet,2019-04-21,Delhi,Cochin,15:45:00,22:05:00,380,1.0,No Info,6749
Spicejet,2019-01-05,Kolkata,Banglore,06:55:00,09:30:00,155,0.0,No Info,3873
Jet Airways,2019-06-27,Delhi,Cochin,09:40:00,12:35:00,1615,2.0,In-flight meal not included,11118
Jet Airways,2019-05-21,Delhi,Cochin,16:00:00,19:00:00,1620,1.0,In-flight meal not included,12898
Jet Airways,2019-12-03,Banglore,New Delhi,21:25:00,10:45:00,800,1.0,No Info,13817
Indigo,2019-05-27,Kolkata,Banglore,22:15:00,00:50:00,155,0.0,No Info,4804
Multiple Carriers,2019-05-18,Delhi,Cochin,11:30:00,21:00:00,570,1.0,No Info,13727
Jet Airways,2019-09-06,Kolkata,Banglore,08:25:00,16:20:00,475,1.0,No Info,14571
Air Asia,2019-06-24,Delhi,Cochin,20:45:00,06:35:00,590,1.0,No Info,6152
Multiple Carriers,2019-09-05,Delhi,Cochin,06:40:00,19:15:00,755,1.0,No Info,7787
Indigo,2019-03-27,Mumbai,Hyderabad,06:20:00,07:45:00,85,0.0,No Info,3175
Indigo,2019-06-06,Banglore,Delhi,08:30:00,11:20:00,170,0.0,No Info,4823
Jet Airways,2019-03-03,Delhi,Cochin,21:50:00,18:50:00,1260,1.0,No Info,17024
Jet Airways,2019-09-06,Kolkata,Banglore,20:00:00,12:00:00,960,1.0,In-flight meal not included,10844
Multiple Carriers,2019-12-06,Delhi,Cochin,12:50:00,21:00:00,490,1.0,No Info,7005
Indigo,2019-12-05,Banglore,Delhi,10:10:00,13:00:00,170,0.0,No Info,3943
Vistara,2019-05-24,Kolkata,Banglore,20:20:00,18:50:00,1350,1.0,No Info,9345
Indigo,2019-05-21,Delhi,Cochin,09:15:00,01:30:00,975,1.0,No Info,7318
Jet Airways,2019-06-27,Delhi,Cochin,13:00:00,12:35:00,1415,1.0,In-flight meal not included,10262
Spicejet,2019-05-18,Kolkata,Banglore,14:55:00,17:25:00,150,0.0,No Info,4174
Jet Airways,2019-05-24,Mumbai,Hyderabad,02:55:00,04:20:00,85,0.0,No Info,5678
Spicejet,2019-05-15,Kolkata,Banglore,15:55:00,21:25:00,330,1.0,No Info,7804
Spicejet,2019-06-18,Kolkata,Banglore,09:00:00,11:25:00,145,0.0,No Info,3873
Multiple Carriers,2019-01-06,Delhi,Cochin,06:40:00,19:00:00,740,1.0,No Info,11200
Spicejet,2019-05-24,Banglore,Delhi,09:30:00,12:20:00,170,0.0,No check-in baggage included,3573
Indigo,2019-01-05,Chennai,Kolkata,19:35:00,21:55:00,140,0.0,No Info,3597
Jet Airways,2019-06-06,Kolkata,Banglore,10:20:00,17:35:00,435,1.0,In-flight meal not included,9689
Spicejet,2019-12-05,Mumbai,Hyderabad,22:45:00,00:15:00,90,0.0,No check-in baggage included,1965
Jet Airways,2019-09-06,Mumbai,Hyderabad,19:35:00,21:05:00,90,0.0,No Info,5678
Jet Airways,2019-06-24,Delhi,Cochin,21:50:00,04:25:00,395,1.0,No Info,14714
Jet Airways,2019-09-06,Kolkata,Banglore,16:30:00,04:40:00,730,1.0,No Info,13731
Jet Airways,2019-09-05,Delhi,Cochin,23:05:00,04:25:00,1760,2.0,No Info,16704
Air India,2019-09-05,Kolkata,Banglore,09:25:00,18:30:00,545,1.0,No Info,8891
Jet Airways,2019-06-06,Delhi,Cochin,09:00:00,19:00:00,600,1.0,No Info,14714
Jet Airways,2019-05-21,Kolkata,Banglore,08:25:00,09:20:00,1495,1.0,No Info,14388
Goair,2019-01-03,Banglore,New Delhi,11:40:00,14:35:00,175,0.0,No Info,11111
Jet Airways,2019-01-06,Delhi,Cochin,11:40:00,19:00:00,440,2.0,In-flight meal not included,15812
Air India,2019-12-06,Kolkata,Banglore,14:15:00,16:45:00,150,0.0,No Info,5510
Air Asia,2019-03-04,Kolkata,Banglore,19:55:00,22:25:00,150,0.0,No Info,4107
Multiple Carriers,2019-09-04,Delhi,Cochin,13:00:00,21:00:00,480,1.0,No Info,12537
Goair,2019-04-21,Delhi,Cochin,10:35:00,19:35:00,540,1.0,No Info,7031
Indigo,2019-03-03,Mumbai,Hyderabad,09:10:00,10:40:00,90,0.0,No Info,5755
Multiple Carriers,2019-06-27,Delhi,Cochin,11:25:00,19:15:00,470,1.0,No Info,7155
Air India,2019-05-21,Delhi,Cochin,09:30:00,23:00:00,810,1.0,No Info,8907
Air India,2019-06-06,Kolkata,Banglore,12:00:00,21:50:00,590,2.0,No Info,9416
Jet Airways,2019-06-03,Delhi,Cochin,08:00:00,04:25:00,1225,1.0,No Info,15974
Jet Airways,2019-09-06,Mumbai,Hyderabad,07:05:00,08:30:00,85,0.0,In-flight meal not included,4050
Air India,2019-01-03,Banglore,New Delhi,13:20:00,16:10:00,170,0.0,No Info,12526
Jet Airways,2019-03-18,Banglore,New Delhi,07:00:00,12:25:00,325,1.0,No Info,12284
Air India,2019-09-05,Delhi,Cochin,14:25:00,19:15:00,1730,2.0,No Info,13591
Multiple Carriers,2019-03-06,Delhi,Cochin,07:00:00,21:00:00,840,1.0,No Info,7618
Indigo,2019-01-04,Banglore,Delhi,06:05:00,08:50:00,165,0.0,No Info,3943
Indigo,2019-12-04,Banglore,Delhi,04:00:00,06:50:00,170,0.0,No Info,4423
Jet Airways,2019-05-27,Delhi,Cochin,20:00:00,04:25:00,505,2.0,In-flight meal not included,15318
Jet Airways,2019-06-15,Delhi,Cochin,09:35:00,04:25:00,1130,2.0,No Info,13292
Indigo,2019-01-05,Banglore,Delhi,22:10:00,01:00:00,170,0.0,No Info,3943
Indigo,2019-01-04,Kolkata,Banglore,11:30:00,14:05:00,155,0.0,No Info,4174
Air India,2019-03-27,Delhi,Cochin,08:00:00,19:15:00,675,1.0,No Info,7199
Spicejet,2019-06-27,Kolkata,Banglore,06:55:00,09:30:00,155,0.0,No Info,3873
Air India,2019-03-18,Banglore,New Delhi,17:00:00,19:45:00,165,0.0,No Info,11633
Air India,2019-03-03,Mumbai,Hyderabad,21:05:00,22:25:00,80,0.0,No Info,4937
Multiple Carriers,2019-06-24,Delhi,Cochin,09:00:00,21:00:00,720,1.0,No Info,8143
Jet Airways,2019-01-05,Kolkata,Banglore,09:35:00,14:25:00,1730,1.0,In-flight meal not included,9314
Spicejet,2019-06-15,Kolkata,Banglore,06:55:00,09:30:00,155,0.0,No Info,3873
Jet Airways,2019-12-05,Kolkata,Banglore,20:25:00,21:05:00,1480,1.0,No Info,12121
Indigo,2019-12-05,Mumbai,Hyderabad,12:00:00,13:30:00,90,0.0,No Info,2754
Indigo,2019-09-03,Chennai,Kolkata,19:35:00,21:55:00,140,0.0,No Info,6297
Spicejet,2019-04-24,Kolkata,Banglore,17:10:00,19:40:00,150,0.0,No check-in baggage included,3841
Spicejet,2019-03-15,Banglore,New Delhi,05:45:00,08:35:00,170,0.0,No check-in baggage included,5469
Air India,2019-09-06,Banglore,Delhi,17:00:00,19:45:00,165,0.0,No Info,7171
Jet Airways,2019-12-06,Kolkata,Banglore,18:55:00,19:50:00,1495,1.0,No Info,13044
Indigo,2019-09-04,Delhi,Cochin,10:35:00,01:30:00,895,1.0,No Info,6270
Jet Airways,2019-05-15,Mumbai,Hyderabad,19:35:00,21:05:00,90,0.0,In-flight meal not included,2228
Multiple Carriers,2019-12-06,Delhi,Cochin,17:00:00,01:30:00,510,1.0,No Info,7198
Jet Airways,2019-03-15,Banglore,New Delhi,07:00:00,15:15:00,495,1.0,In-flight meal not included,9134
Jet Airways,2019-05-27,Delhi,Cochin,16:00:00,19:00:00,1620,1.0,In-flight meal not included,12898
Jet Airways,2019-12-06,Delhi,Cochin,15:00:00,12:35:00,1295,1.0,In-flight meal not included,10262
Indigo,2019-05-24,Mumbai,Hyderabad,06:25:00,07:55:00,90,0.0,No Info,4049
Multiple Carriers,2019-03-21,Delhi,Cochin,08:25:00,19:15:00,650,1.0,No Info,8601
Air Asia,2019-04-24,Kolkata,Banglore,10:20:00,12:55:00,155,0.0,No Info,4409
Jet Airways,2019-01-04,Kolkata,Banglore,06:30:00,04:40:00,1330,1.0,In-flight meal not included,7064
Spicejet,2019-01-06,Kolkata,Banglore,06:55:00,09:30:00,155,0.0,No check-in baggage included,3841
Jet Airways,2019-03-21,Delhi,Cochin,16:00:00,18:50:00,1610,1.0,In-flight meal not included,5963
Multiple Carriers,2019-03-27,Delhi,Cochin,04:00:00,13:20:00,560,1.0,No Info,6305
Indigo,2019-06-15,Delhi,Cochin,02:00:00,07:45:00,345,1.0,No Info,6386
Jet Airways,2019-05-24,Mumbai,Hyderabad,07:05:00,08:30:00,85,0.0,No Info,8040
Jet Airways,2019-06-27,Delhi,Cochin,11:45:00,12:35:00,1490,2.0,No Info,13882
Jet Airways,2019-09-05,Kolkata,Banglore,20:25:00,21:05:00,1480,1.0,No Info,13067
Jet Airways,2019-01-03,Banglore,New Delhi,22:50:00,23:00:00,1450,1.0,No Info,25735
Vistara,2019-03-24,Banglore,New Delhi,16:00:00,18:35:00,155,0.0,No Info,5613
Jet Airways,2019-12-05,Banglore,Delhi,06:00:00,08:45:00,165,0.0,In-flight meal not included,5198
Air Asia,2019-03-15,Banglore,New Delhi,05:50:00,08:40:00,170,0.0,No Info,5615
Jet Airways,2019-12-05,Kolkata,Banglore,16:30:00,16:20:00,1430,1.0,In-flight meal not included,10844
Indigo,2019-03-27,Delhi,Cochin,17:30:00,01:35:00,485,1.0,No Info,6628
Jet Airways,2019-03-24,Kolkata,Banglore,16:55:00,09:15:00,980,1.0,No Info,14231
Indigo,2019-05-27,Delhi,Cochin,18:35:00,01:30:00,415,1.0,No Info,6628
Jet Airways,2019-06-24,Delhi,Cochin,16:00:00,04:25:00,745,1.0,In-flight meal not included,10262
Jet Airways,2019-01-05,Kolkata,Banglore,06:30:00,09:20:00,1610,1.0,In-flight meal not included,9663
Air Asia,2019-06-21,Kolkata,Banglore,19:55:00,22:25:00,150,0.0,No Info,4107
Vistara,2019-12-04,Banglore,Delhi,21:00:00,23:50:00,170,0.0,No Info,5613
Indigo,2019-01-06,Mumbai,Hyderabad,12:00:00,13:30:00,90,0.0,No Info,2754
Vistara,2019-03-06,Chennai,Kolkata,17:45:00,20:05:00,140,0.0,No Info,11982
Indigo,2019-06-06,Delhi,Cochin,06:40:00,21:00:00,860,1.0,No Info,6093
Air Asia,2019-03-24,Banglore,New Delhi,05:50:00,08:40:00,170,0.0,No Info,3383
Air India,2019-09-05,Delhi,Cochin,05:00:00,19:15:00,2295,2.0,No Info,9653
Indigo,2019-05-18,Kolkata,Banglore,17:15:00,19:50:00,155,0.0,No Info,4804
Jet Airways,2019-06-03,Delhi,Cochin,15:05:00,04:25:00,800,1.0,No Info,15764
Jet Airways,2019-04-15,Delhi,Cochin,14:00:00,19:00:00,300,1.0,In-flight meal not included,6542
Indigo,2019-09-06,Mumbai,Hyderabad,02:35:00,04:05:00,90,0.0,No Info,2754
Indigo,2019-12-04,Kolkata,Banglore,15:15:00,17:45:00,150,0.0,No Info,4174
Jet Airways,2019-09-05,Kolkata,Banglore,06:30:00,12:00:00,330,1.0,No Info,14388
Jet Airways,2019-01-06,Delhi,Cochin,14:00:00,12:35:00,1355,1.0,In-flight meal not included,10262
Indigo,2019-12-05,Mumbai,Hyderabad,06:25:00,07:55:00,90,0.0,No Info,4049
Multiple Carriers,2019-05-27,Delhi,Cochin,08:30:00,19:15:00,645,1.0,No Info,9149
Indigo,2019-03-15,Banglore,New Delhi,21:20:00,00:15:00,175,0.0,No Info,8033
Air India,2019-01-06,Delhi,Cochin,17:40:00,23:00:00,320,1.0,No Info,7384
Indigo,2019-03-24,Kolkata,Banglore,15:20:00,17:55:00,155,0.0,No Info,6985
Air India,2019-01-04,Kolkata,Banglore,16:50:00,07:55:00,905,1.0,No Info,7893
Multiple Carriers,2019-01-05,Delhi,Cochin,09:00:00,19:15:00,615,1.0,No Info,15373
Jet Airways,2019-01-06,Delhi,Cochin,14:35:00,12:35:00,1320,2.0,No Info,13376
Jet Airways,2019-03-06,Delhi,Cochin,09:40:00,12:35:00,1615,2.0,No Info,13014
Indigo,2019-03-18,Kolkata,Banglore,17:15:00,19:55:00,160,0.0,No Info,4462
Jet Airways,2019-06-05,Kolkata,Banglore,17:00:00,23:35:00,395,1.0,In-flight meal not included,10703
Vistara,2019-09-03,Delhi,Cochin,14:55:00,17:50:00,175,0.0,No Info,6741
Air India,2019-04-21,Kolkata,Banglore,14:15:00,16:45:00,150,0.0,No Info,6245
Jet Airways,2019-05-24,Mumbai,Hyderabad,19:35:00,21:05:00,90,0.0,No Info,5678
Air India,2019-03-24,Kolkata,Banglore,12:00:00,23:15:00,2115,3.0,No Info,14221
Jet Airways,2019-06-03,Delhi,Cochin,13:00:00,18:50:00,350,1.0,In-flight meal not included,15103
Jet Airways,2019-06-24,Delhi,Cochin,21:50:00,12:35:00,885,1.0,In-flight meal not included,10262
Air India,2019-03-27,Mumbai,Hyderabad,21:05:00,22:25:00,80,0.0,No Info,2575
Air Asia,2019-06-03,Kolkata,Banglore,19:35:00,22:05:00,150,0.0,No Info,4384
Indigo,2019-12-04,Kolkata,Banglore,15:30:00,18:05:00,155,0.0,No Info,4174
Vistara,2019-01-04,Kolkata,Banglore,20:20:00,20:20:00,1440,1.0,No Info,8452
Jet Airways,2019-06-27,Delhi,Cochin,06:45:00,12:35:00,1790,2.0,In-flight meal not included,10919
Spicejet,2019-06-05,Kolkata,Banglore,09:00:00,11:25:00,145,0.0,No check-in baggage included,3841
Air India,2019-03-03,Banglore,New Delhi,10:00:00,12:45:00,165,0.0,No Info,8588
Multiple Carriers,2019-05-21,Delhi,Cochin,10:00:00,01:30:00,930,1.0,No Info,14067
Indigo,2019-03-06,Delhi,Cochin,05:35:00,08:50:00,195,0.0,No Info,5601
Jet Airways,2019-01-06,Mumbai,Hyderabad,07:05:00,08:30:00,85,0.0,No Info,5678
Jet Airways,2019-06-15,Delhi,Cochin,19:15:00,12:35:00,1040,1.0,In-flight meal not included,10262
Jet Airways,2019-06-06,Delhi,Cochin,16:00:00,04:25:00,745,1.0,In-flight meal not included,10262
Multiple Carriers,2019-12-06,Delhi,Cochin,06:00:00,12:35:00,395,1.0,No Info,11789
Spicejet,2019-06-27,Kolkata,Banglore,09:00:00,11:25:00,145,0.0,No check-in baggage included,3841
Jet Airways,2019-09-06,Delhi,Cochin,19:30:00,04:25:00,535,2.0,No Info,13014
Jet Airways,2019-06-27,Delhi,Cochin,13:25:00,12:35:00,1390,2.0,In-flight meal not included,11150
Air India,2019-05-15,Delhi,Cochin,17:15:00,07:40:00,865,2.0,No Info,13039
Indigo,2019-06-06,Kolkata,Banglore,22:15:00,00:50:00,155,0.0,No Info,4804
Indigo,2019-03-06,Delhi,Cochin,15:10:00,20:00:00,290,1.0,No Info,6493
Spicejet,2019-03-18,Chennai,Kolkata,08:20:00,10:35:00,135,0.0,No Info,3859
Goair,2019-05-15,Delhi,Cochin,10:35:00,19:35:00,540,1.0,No Info,7378
Air India,2019-06-06,Kolkata,Banglore,14:30:00,23:15:00,525,2.0,No Info,15894
Multiple Carriers,2019-09-06,Delhi,Cochin,11:40:00,19:00:00,440,1.0,No Info,11789
Indigo,2019-03-24,Banglore,New Delhi,06:00:00,08:45:00,165,0.0,No Info,4777
Air India,2019-06-15,Banglore,Delhi,10:00:00,12:45:00,165,0.0,No Info,6961
Indigo,2019-06-15,Banglore,Delhi,21:15:00,00:15:00,180,0.0,No Info,3943
Goair,2019-06-15,Banglore,Delhi,20:55:00,23:40:00,165,0.0,No Info,3898
Air India,2019-03-05,Banglore,Delhi,06:10:00,08:55:00,165,0.0,No Info,5228
Air India,2019-06-06,Kolkata,Banglore,08:20:00,21:50:00,810,2.0,No Info,10697
Air India,2019-09-06,Delhi,Cochin,09:45:00,23:00:00,795,1.0,No Info,8907
Jet Airways,2019-06-24,Delhi,Cochin,02:15:00,04:25:00,1570,1.0,In-flight meal not included,10262
Jet Airways,2019-05-21,Delhi,Cochin,13:00:00,04:25:00,925,1.0,In-flight meal not included,12898
Jet Airways,2019-05-21,Kolkata,Banglore,20:25:00,09:45:00,800,1.0,No Info,13067
